Kommune;GKZ;ARS;Verwaltungstyp;Bundesland;Demografietyp;"2020
Bevölkerungsanteil - Frauen (%)";"2020
Bevölkerungsanteil - Männer (%)";"2025
Bevölkerungsanteil - Frauen (%)";"2025
Bevölkerungsanteil - Männer (%)";"2030
Bevölkerungsanteil - Frauen (%)";"2030
Bevölkerungsanteil - Männer (%)";"2035
Bevölkerungsanteil - Frauen (%)";"2035
Bevölkerungsanteil - Männer (%)";"2040
Bevölkerungsanteil - Frauen (%)";"2040
Bevölkerungsanteil - Männer (%)"
Ahrweiler, LK;07131000;071310000000;Landkreis;Rheinland-Pfalz;;50,7;49,3;50,6;49,4;50,7;49,3;50,8;49,2;50,9;49,1
Aichach-Friedberg, LK;09771000;097710000000;Landkreis;Bayern;;50,1;49,9;50,0;50,0;50,1;49,9;50,2;49,8;50,3;49,7
Alb-Donau-Kreis, LK;08425000;084250000000;Landkreis;Baden-Württemberg;;49,6;50,5;49,2;50,8;49,3;50,7;49,3;50,7;49,4;50,6
Altenburger Land, LK;16077000;160770000000;Landkreis;Thüringen;;51,1;48,9;50,9;49,1;50,8;49,2;50,7;49,3;50,6;49,4
Altenkirchen (Westerwald), LK;07132000;071320000000;Landkreis;Rheinland-Pfalz;;50,5;49,5;50,2;49,8;50,1;49,9;50,2;49,8;50,2;49,8
Altmarkkreis Salzwedel, LK;15081000;150810000000;Landkreis;Sachsen-Anhalt;;50,2;49,8;50,1;49,9;50,0;50,0;50,1;49,9;50,1;49,9
Alt�tting, LK;09171000;091710000000;Landkreis;Bayern;;50,5;49,5;50,2;49,8;50,2;49,8;50,3;49,7;50,3;49,7
Alzey-Worms, LK;07331000;073310000000;Landkreis;Rheinland-Pfalz;;50,3;49,7;50,2;49,8;50,4;49,6;50,5;49,5;50,7;49,3
Amberg;09361000;093610000000;kreisfreie Stadt;Bayern;Typ 2;50,7;49,4;50,2;49,8;50,2;49,8;50,2;49,8;50,3;49,7
Amberg-Sulzbach, LK;09371000;093710000000;Landkreis;Bayern;;49,9;50,1;49,6;50,4;49,5;50,5;49,6;50,4;49,6;50,5
Ammerland, LK;03451000;034510000000;Landkreis;Niedersachsen;;51,2;48,8;51,4;48,6;51,6;48,4;51,8;48,2;52,0;48,0
Anhalt-Bitterfeld, LK;15082000;150820000000;Landkreis;Sachsen-Anhalt;;51,0;49,0;50,7;49,3;50,6;49,4;50,5;49,5;50,4;49,6
Ansbach;09561000;095610000000;kreisfreie Stadt;Bayern;Typ 6;52,0;48,0;51,8;48,2;52,0;48,0;52,2;47,8;52,4;47,6
Ansbach, LK;09571000;095710000000;Landkreis;Bayern;;49,8;50,2;49,4;50,6;49,3;50,7;49,4;50,6;49,4;50,6
Aschaffenburg;09661000;096610000000;kreisfreie Stadt;Bayern;Typ 6;51,3;48,7;51,0;49,1;51,0;49,0;51,1;48,9;51,1;48,8
Aschaffenburg, LK;09671000;096710000000;Landkreis;Bayern;;50,3;49,7;50,4;49,6;50,5;49,5;50,7;49,3;50,8;49,2
Augsburg;09761000;097610000000;kreisfreie Stadt;Bayern;Typ 7;50,7;49,3;50,4;49,6;50,5;49,5;50,7;49,3;50,9;49,1
Augsburg, LK;09772000;097720000000;Landkreis;Bayern;;50,4;49,6;50,3;49,7;50,4;49,6;50,6;49,4;50,7;49,3
Aurich, LK;03452000;034520000000;Landkreis;Niedersachsen;;50,8;49,2;50,7;49,3;50,7;49,3;50,8;49,2;50,9;49,1
Bad D�rkheim, LK;07332000;073320000000;Landkreis;Rheinland-Pfalz;;51,1;48,9;51,1;48,9;51,3;48,7;51,5;48,5;51,6;48,4
Baden-Baden;08211000;082110000000;kreisfreie Stadt;Baden-Württemberg;Typ 10;51,9;48,1;51,4;48,6;51,3;48,7;51,4;48,6;51,4;48,6
Bad Kissingen, LK;09672000;096720000000;Landkreis;Bayern;;50,7;49,3;50,5;49,5;50,4;49,6;50,5;49,5;50,5;49,5
Bad Kreuznach, LK;07133000;071330000000;Landkreis;Rheinland-Pfalz;;51,1;48,9;51,0;49,0;51,1;48,9;51,2;48,8;51,3;48,7
Bad T�lz-Wolfratshausen, LK;09173000;091730000000;Landkreis;Bayern;;50,6;49,4;50,4;49,6;50,5;49,5;50,6;49,4;50,7;49,3
Bamberg;09461000;094610000000;kreisfreie Stadt;Bayern;Typ 7;51,7;48,4;51,0;49,0;50,9;49,1;51,1;48,9;51,2;48,8
Bamberg, LK;09471000;094710000000;Landkreis;Bayern;;49,9;50,1;49,8;50,2;49,7;50,3;49,8;50,2;49,9;50,1
Barnim, LK;12060000;120600000000;Landkreis;Brandenburg;;50,5;49,5;50,4;49,6;50,5;49,5;50,6;49,4;50,7;49,3
Bautzen, LK;14625000;146250000000;Landkreis;Sachsen;;50,6;49,4;50,4;49,6;50,2;49,8;50,1;49,9;50,0;50,0
Bayreuth;09462000;094620000000;kreisfreie Stadt;Bayern;Typ 7;51,1;48,9;50,6;49,4;50,6;49,4;50,7;49,3;50,7;49,3
Bayreuth, LK;09472000;094720000000;Landkreis;Bayern;;50,4;49,6;50,3;49,7;50,3;49,7;50,3;49,7;50,4;49,6
Berchtesgadener Land, LK;09172000;091720000000;Landkreis;Bayern;;50,8;49,2;50,5;49,5;50,4;49,6;50,4;49,6;50,3;49,7
Bergstra�e, LK;06431000;064310000000;Landkreis;Hessen;;50,5;49,5;50,3;49,7;50,4;49,6;50,5;49,5;50,6;49,4
Berlin;11000000;110000000000;kreisfreie Stadt;Berlin;Typ 7;50,8;49,2;50,6;49,4;50,6;49,4;50,8;49,2;50,9;49,1
Bernkastel-Wittlich, LK;07231000;072310000000;Landkreis;Rheinland-Pfalz;;49,9;50,1;49,6;50,4;49,7;50,3;49,9;50,1;50,0;50,0
Biberach, LK;08426000;084260000000;Landkreis;Baden-Württemberg;;49,7;50,3;49,3;50,7;49,3;50,7;49,4;50,6;49,5;50,5
Bielefeld;05711000;057110000000;kreisfreie Stadt;Nordrhein-Westfalen;Typ 7;51,8;48,2;51,6;48,4;51,7;48,3;51,9;48,1;52,1;47,9
Birkenfeld, LK;07134000;071340000000;Landkreis;Rheinland-Pfalz;;50,4;49,6;50,2;49,8;50,2;49,8;50,3;49,7;50,3;49,7
B�blingen, LK;08115000;081150000000;Landkreis;Baden-Württemberg;;50,3;49,7;50,1;49,9;50,1;49,9;50,2;49,8;50,2;49,8
Bochum;05911000;059110000000;kreisfreie Stadt;Nordrhein-Westfalen;Typ 7;51,2;48,8;50,7;49,3;50,6;49,4;50,6;49,4;50,6;49,4
Bodenseekreis, LK;08435000;084350000000;Landkreis;Baden-Württemberg;;50,7;49,3;50,7;49,3;50,8;49,2;50,9;49,1;51,0;49,0
Bonn;05314000;053140000000;kreisfreie Stadt;Nordrhein-Westfalen;Typ 7;52,1;47,9;51,9;48,1;52,0;48,0;52,2;47,8;52,4;47,6
B�rde, LK;15083000;150830000000;Landkreis;Sachsen-Anhalt;;50,2;49,8;49,9;50,1;49,9;50,1;50,0;50,0;50,0;50,0
Borken, LK;05554000;055540000000;Landkreis;Nordrhein-Westfalen;;50,0;50,0;50,1;49,9;50,3;49,7;50,5;49,5;50,7;49,3
Bottrop;05512000;055120000000;kreisfreie Stadt;Nordrhein-Westfalen;Typ 6;51,3;48,7;51,1;48,9;51,0;49,0;51,1;48,9;51,1;48,9
Brandenburg an der Havel;12051000;120510000000;kreisfreie Stadt;Brandenburg;Typ 2;50,7;49,3;50,3;49,7;50,1;49,9;50,0;50,0;49,9;50,1
Braunschweig;03101000;031010000000;kreisfreie Stadt;Niedersachsen;Typ 7;50,4;49,6;50,5;49,5;50,7;49,3;50,9;49,1;51,0;49,0
Breisgau-Hochschwarzwald, LK;08315000;083150000000;Landkreis;Baden-Württemberg;;50,7;49,3;50,5;49,5;50,5;49,5;50,6;49,4;50,6;49,4
Bremen;04011000;040110000000;kreisfreie Stadt;Bremen, BL;Typ 7;50,6;49,4;50,2;49,8;50,2;49,8;50,3;49,7;50,3;49,7
Bremerhaven;04012000;040120000000;kreisfreie Stadt;Bremen, BL;Typ 6;50,2;49,8;49,6;50,4;49,5;50,5;49,6;50,4;49,6;50,4
Burgenlandkreis, LK;15084000;150840000000;Landkreis;Sachsen-Anhalt;;50,5;49,5;50,0;50,0;49,8;50,2;49,7;50,3;49,5;50,5
Calw, LK;08235000;082350000000;Landkreis;Baden-Württemberg;;49,8;50,2;49,4;50,6;49,3;50,7;49,4;50,6;49,4;50,6
Celle, LK;03351000;033510000000;Landkreis;Niedersachsen;;50,8;49,2;50,6;49,4;50,6;49,4;50,7;49,3;50,8;49,2
Cham, LK;09372000;093720000000;Landkreis;Bayern;;49,8;50,2;49,4;50,6;49,3;50,7;49,2;50,8;49,2;50,8
Chemnitz;14511000;145110000000;kreisfreie Stadt;Sachsen;Typ 7;50,5;49,5;50,5;49,5;50,5;49,5;50,5;49,5;50,3;49,7
Cloppenburg, LK;03453000;034530000000;Landkreis;Niedersachsen;;49,4;50,6;49,3;50,7;49,6;50,4;49,9;50,1;50,1;49,9
Coburg;09463000;094630000000;kreisfreie Stadt;Bayern;Typ 2;51,3;48,7;50,6;49,4;50,4;49,6;50,4;49,6;50,3;49,7
Coburg, LK;09473000;094730000000;Landkreis;Bayern;;50,6;49,4;50,5;49,5;50,4;49,6;50,5;49,5;50,5;49,5
Cochem-Zell, LK;07135000;071350000000;Landkreis;Rheinland-Pfalz;;49,9;50,1;49,7;50,3;49,7;50,3;49,8;50,2;49,8;50,2
Coesfeld, LK;05558000;055580000000;Landkreis;Nordrhein-Westfalen;;50,7;49,3;50,6;49,4;50,7;49,3;50,8;49,2;51,0;49,0
Cottbus;12052000;120520000000;kreisfreie Stadt;Brandenburg;Typ 2;51,0;49,0;50,8;49,2;50,8;49,2;50,9;49,1;50,9;49,1
Cuxhaven, LK;03352000;033520000000;Landkreis;Niedersachsen;;51,1;48,9;51,0;49,0;51,0;49,0;51,1;48,9;51,2;48,8
Dachau, LK;09174000;091740000000;Landkreis;Bayern;;50,1;49,9;49,8;50,2;49,9;50,1;50,1;49,9;50,2;49,8
Dahme-Spreewald, LK;12061000;120610000000;Landkreis;Brandenburg;;50,4;49,6;50,3;49,8;50,2;49,8;50,3;49,7;50,3;49,7
Darmstadt;06411000;064110000000;kreisfreie Stadt;Hessen;Typ 7;49,1;50,9;48,7;51,3;48,9;51,1;49,1;50,9;49,2;50,8
Darmstadt-Dieburg, LK;06432000;064320000000;Landkreis;Hessen;;50,4;49,6;50,2;49,8;50,3;49,7;50,5;49,5;50,6;49,4
Deggendorf, LK;09271000;092710000000;Landkreis;Bayern;;50,0;50,0;49,7;50,3;49,7;50,3;49,8;50,2;49,9;50,1
Delmenhorst;03401000;034010000000;kreisfreie Stadt;Niedersachsen;Typ 6;50,6;49,4;50,5;49,5;50,7;49,3;50,8;49,2;50,9;49,1
Dessau-Ro�lau;15001000;150010000000;kreisfreie Stadt;Sachsen-Anhalt;Typ 1;51,5;48,5;51,3;48,7;51,2;48,8;51,1;48,9;51,0;49,0
Diepholz, LK;03251000;032510000000;Landkreis;Niedersachsen;;50,3;49,7;50,3;49,7;50,4;49,6;50,6;49,4;50,8;49,2
Dillingen an der Donau, LK;09773000;097730000000;Landkreis;Bayern;;49,8;50,2;49,5;50,5;49,5;50,5;49,6;50,4;49,6;50,4
Dingolfing-Landau, LK;09279000;092790000000;Landkreis;Bayern;;48,8;51,2;48,5;51,5;48,5;51,5;48,6;51,4;48,7;51,3
Dithmarschen, LK;01051000;010510000000;Landkreis;Schleswig-Holstein;;50,7;49,3;50,5;49,5;50,4;49,6;50,4;49,6;50,5;49,5
Donau-Ries, LK;09779000;097790000000;Landkreis;Bayern;;49,3;50,7;48,9;51,1;48,8;51,2;48,9;51,1;49,0;51,0
Donnersbergkreis, LK;07333000;073330000000;Landkreis;Rheinland-Pfalz;;50,5;49,5;50,3;49,7;50,4;49,6;50,5;49,5;50,6;49,4
Dortmund;05913000;059130000000;kreisfreie Stadt;Nordrhein-Westfalen;Typ 7;50,8;49,2;50,6;49,4;50,7;49,3;50,8;49,2;51,0;49,0
Dresden;14612000;146120000000;kreisfreie Stadt;Sachsen;Typ 7;50,2;49,8;49,8;50,2;49,8;50,2;49,8;50,2;49,7;50,3
Duisburg;05112000;051120000000;kreisfreie Stadt;Nordrhein-Westfalen;Typ 6;50,5;49,5;50,0;50,0;50,0;50,0;50,0;50,0;50,1;49,9
D�ren, LK;05358000;053580000000;Landkreis;Nordrhein-Westfalen;;50,4;49,6;50,3;49,7;50,4;49,6;50,5;49,5;50,6;49,4
D�sseldorf;05111000;051110000000;kreisfreie Stadt;Nordrhein-Westfalen;Typ 7;51,7;48,3;51,5;48,5;51,5;48,5;51,7;48,3;51,8;48,2
Ebersberg, LK;09175000;091750000000;Landkreis;Bayern;;50,0;50,0;49,9;50,1;50,1;49,9;50,3;49,7;50,4;49,6
Eichsfeld, LK;16061000;160610000000;Landkreis;Thüringen;;49,9;50,1;49,8;50,2;49,7;50,3;49,8;50,2;49,8;50,2
Eichst�tt, LK;09176000;091760000000;Landkreis;Bayern;;49,3;50,7;49,0;51,0;48,9;51,1;49,0;51,0;49,1;50,9
Eifelkreis Bitburg-Pr�m, LK;07232000;072320000000;Landkreis;Rheinland-Pfalz;;49,5;50,4;49,3;50,7;49,4;50,6;49,6;50,4;49,8;50,2
Elbe-Elster, LK;12062000;120620000000;Landkreis;Brandenburg;;50,4;49,6;50,0;50,0;49,7;50,3;49,6;50,4;49,5;50,5
Emden;03402000;034020000000;kreisfreie Stadt;Niedersachsen;Typ 6;50,2;49,9;49,5;50,5;49,4;50,6;49,4;50,6;49,3;50,7
Emmendingen, LK;08316000;083160000000;Landkreis;Baden-Württemberg;;50,5;49,5;50,3;49,7;50,3;49,7;50,4;49,6;50,5;49,5
Emsland, LK;03454000;034540000000;Landkreis;Niedersachsen;;49,3;50,7;49,1;50,9;49,2;50,8;49,5;50,5;49,6;50,4
Ennepe-Ruhr-Kreis, LK;05954000;059540000000;Landkreis;Nordrhein-Westfalen;;51,5;48,5;51,2;48,8;51,2;48,8;51,2;48,8;51,2;48,8
Enzkreis, LK;08236000;082360000000;Landkreis;Baden-Württemberg;;50,4;49,6;50,1;49,9;50,1;49,9;50,2;49,8;50,3;49,7
Erding, LK;09177000;091770000000;Landkreis;Bayern;;49,6;50,4;49,4;50,6;49,5;50,5;49,6;50,4;49,7;50,3
Erfurt;16051000;160510000000;kreisfreie Stadt;Thüringen;Typ 7;51,4;48,6;51,0;49,0;51,0;49,0;51,1;48,9;51,1;48,9
Erlangen;09562000;095620000000;kreisfreie Stadt;Bayern;Typ 11;50,2;49,8;49,8;50,2;49,9;50,1;50,0;50,0;50,1;49,9
Erlangen-H�chstadt, LK;09572000;095720000000;Landkreis;Bayern;;50,4;49,6;50,4;49,6;50,5;49,5;50,7;49,3;50,8;49,2
Erzgebirgskreis, LK;14521000;145210000000;Landkreis;Sachsen;;51,1;48,9;50,8;49,2;50,7;49,3;50,7;49,3;50,6;49,4
Essen;05113000;051130000000;kreisfreie Stadt;Nordrhein-Westfalen;Typ 7;51,4;48,6;51,0;49,0;51,0;49,0;51,1;48,9;51,2;48,8
Esslingen, LK;08116000;081160000000;Landkreis;Baden-Württemberg;;50,1;49,9;49,6;50,4;49,5;50,5;49,5;50,5;49,5;50,5
Euskirchen, LK;05366000;053660000000;Landkreis;Nordrhein-Westfalen;;50,6;49,4;50,7;49,3;50,9;49,1;51,2;48,8;51,4;48,6
Flensburg;01001000;010010000000;kreisfreie Stadt;Schleswig-Holstein;Typ 7;50,2;49,8;49,7;50,2;49,8;50,2;49,9;50,1;50,0;50,0
Forchheim, LK;09474000;094740000000;Landkreis;Bayern;;50,3;49,7;50,2;49,9;50,1;49,9;50,2;49,9;50,2;49,8
Frankenthal (Pfalz);07311000;073110000000;kreisfreie Stadt;Rheinland-Pfalz;Typ 6;51,3;48,7;51,4;48,6;51,6;48,4;51,8;48,2;52,0;48,0
Frankfurt am Main;06412000;064120000000;kreisfreie Stadt;Hessen;Typ 7;50,6;49,4;50,7;49,3;51,1;48,9;51,4;48,6;51,7;48,3
Frankfurt (Oder);12053000;120530000000;kreisfreie Stadt;Brandenburg;Typ 2;51,4;48,6;50,9;49,1;50,6;49,4;50,5;49,5;50,4;49,6
Freiburg im Breisgau;08311000;083110000000;kreisfreie Stadt;Baden-Württemberg;Typ 7;52,3;47,7;52,0;48,0;52,0;48,0;52,2;47,8;52,3;47,7
Freising, LK;09178000;091780000000;Landkreis;Bayern;;48,9;51,1;48,7;51,3;48,9;51,1;49,2;50,8;49,4;50,6
Freudenstadt, LK;08237000;082370000000;Landkreis;Baden-Württemberg;;50,0;50,0;49,6;50,4;49,6;50,4;49,6;50,4;49,6;50,4
Freyung-Grafenau, LK;09272000;092720000000;Landkreis;Bayern;;50,1;49,9;50,0;50,0;50,0;50,0;50,2;49,8;50,3;49,7
Friesland, LK;03455000;034550000000;Landkreis;Niedersachsen;;51,3;48,7;51,2;48,8;51,4;48,6;51,5;48,5;51,6;48,4
Fulda, LK;06631000;066310000000;Landkreis;Hessen;;50,3;49,7;49,9;50,1;49,8;50,2;49,8;50,2;49,8;50,2
F�rstenfeldbruck, LK;09179000;091790000000;Landkreis;Bayern;;50,9;49,1;50,7;49,3;50,7;49,3;50,8;49,2;50,8;49,2
F�rth;09563000;095630000000;kreisfreie Stadt;Bayern;Typ 7;51,0;49,0;50,8;49,2;50,9;49,1;51,1;48,9;51,3;48,7
F�rth, LK;09573000;095730000000;Landkreis;Bayern;;51,4;48,6;51,4;48,6;51,5;48,5;51,7;48,3;51,8;48,2
Garmisch-Partenkirchen, LK;09180000;091800000000;Landkreis;Bayern;;51,5;48,5;51,3;48,7;51,2;48,8;51,3;48,7;51,3;48,7
Gelsenkirchen;05513000;055130000000;kreisfreie Stadt;Nordrhein-Westfalen;Typ 6;50,3;49,7;49,8;50,2;49,7;50,3;49,7;50,3;49,7;50,3
Gera;16052000;160520000000;kreisfreie Stadt;Thüringen;Typ 2;51,7;48,3;51,1;48,9;50,9;49,1;50,8;49,2;50,6;49,4
Germersheim, LK;07334000;073340000000;Landkreis;Rheinland-Pfalz;;50,2;49,8;50,1;49,9;50,2;49,8;50,3;49,7;50,5;49,5
Gie�en, LK;06531000;065310000000;Landkreis;Hessen;;50,7;49,3;51,5;48,5;52,2;47,8;52,6;47,4;52,8;47,2
Gifhorn, LK;03151000;031510000000;Landkreis;Niedersachsen;;50,0;50,0;49,8;50,2;49,8;50,2;49,8;50,2;49,8;50,2
G�ppingen, LK;08117000;081170000000;Landkreis;Baden-Württemberg;;50,2;49,8;49,9;50,1;49,9;50,0;50,0;50,0;50,1;49,9
G�rlitz, LK;14626000;146260000000;Landkreis;Sachsen;;51,0;49,0;50,6;49,4;50,4;49,6;50,2;49,8;50,0;50,0
Goslar, LK;03153000;031530000000;Landkreis;Niedersachsen;;50,4;49,6;49,9;50,1;49,8;50,2;49,9;50,1;49,9;50,1
Gotha, LK;16067000;160670000000;Landkreis;Thüringen;;50,2;49,8;50,1;49,9;50,2;49,8;50,2;49,8;50,2;49,8
G�ttingen, LK;03159000;031590000000;Landkreis;Niedersachsen;;50,9;49,1;50,9;49,1;51,1;48,9;51,4;48,7;51,5;48,5
Grafschaft Bentheim;03456000;034560000000;Landkreis;Niedersachsen;;49,9;50,1;49,8;50,2;49,8;50,2;49,9;50,1;50,0;50,0
Greiz, LK;16076000;160760000000;Landkreis;Thüringen;;50,7;49,3;50,3;49,7;50,1;49,9;50,0;50,0;49,8;50,2
Gro�-Gerau, LK;06433000;064330000000;Landkreis;Hessen;;49,9;50,1;49,6;50,4;49,7;50,3;49,9;50,1;50,1;49,9
G�nzburg, LK;09774000;097740000000;Landkreis;Bayern;;49,5;50,5;49,2;50,8;49,2;50,8;49,3;50,7;49,4;50,6
G�tersloh, LK;05754000;057540000000;Landkreis;Nordrhein-Westfalen;;50,1;49,9;49,9;50,1;50,0;50,0;50,2;49,8;50,4;49,6
Hagen;05914000;059140000000;kreisfreie Stadt;Nordrhein-Westfalen;Typ 6;51,1;48,9;50,8;49,2;50,7;49,3;50,8;49,2;50,8;49,2
Halle (Saale);15002000;150020000000;kreisfreie Stadt;Sachsen-Anhalt;Typ 7;51,5;48,4;51,2;48,8;51,1;48,9;51,1;48,9;51,1;48,9
Hamburg;02000000;020000000000;kreisfreie Stadt;Hamburg;Typ 7;51,0;49,0;50,8;49,2;50,9;49,1;51,1;48,9;51,3;48,7
Hameln-Pyrmont, LK;03252000;032520000000;Landkreis;Niedersachsen;;51,6;48,4;51,3;48,7;51,3;48,7;51,3;48,7;51,3;48,7
Hamm;05915000;059150000000;kreisfreie Stadt;Nordrhein-Westfalen;Typ 6;50,8;49,2;50,5;49,5;50,4;49,6;50,5;49,5;50,5;49,5
Harburg, LK;03353000;033530000000;Landkreis;Niedersachsen;;50,8;49,2;50,6;49,4;50,6;49,4;50,7;49,3;50,7;49,3
Harz, LK;15085000;150850000000;Landkreis;Sachsen-Anhalt;;51,0;49,0;51,1;48,9;51,2;48,8;51,3;48,7;51,3;48,7
Ha�berge, LK;09674000;096740000000;Landkreis;Bayern;;49,8;50,2;49,6;50,4;49,6;50,4;49,6;50,4;49,7;50,3
Havelland, LK;12063000;120630000000;Landkreis;Brandenburg;;50,6;49,4;50,6;49,4;50,7;49,3;50,9;49,1;51,0;49,0
Heidekreis, LK;03358000;033580000000;Landkreis;Niedersachsen;;50,0;50,0;49,7;50,3;49,8;50,2;49,9;50,1;50,0;50,0
Heidelberg;08221000;082210000000;kreisfreie Stadt;Baden-Württemberg;Typ 11;52,0;48,0;51,4;48,6;51,5;48,5;51,8;48,2;52,0;48,0
Heidenheim, LK;08135000;081350000000;Landkreis;Baden-Württemberg;;50,2;49,8;49,8;50,2;49,8;50,2;49,8;50,2;49,8;50,2
Heilbronn;08121000;081210000000;kreisfreie Stadt;Baden-Württemberg;Typ 6;49,6;50,4;48,9;51,1;48,8;51,2;48,8;51,1;48,9;51,1
Heilbronn, LK;08125000;081250000000;Landkreis;Baden-Württemberg;;49,8;50,2;49,4;50,6;49,4;50,6;49,4;50,6;49,4;50,6
Heinsberg, LK;05370000;053700000000;Landkreis;Nordrhein-Westfalen;;50,5;49,5;50,3;49,7;50,4;49,6;50,5;49,5;50,6;49,4
Helmstedt, LK;03154000;031540000000;Landkreis;Niedersachsen;;50,4;49,6;50,2;49,8;50,3;49,7;50,4;49,6;50,5;49,5
Herford, LK;05758000;057580000000;Landkreis;Nordrhein-Westfalen;;50,8;49,2;50,6;49,4;50,6;49,4;50,7;49,3;50,9;49,1
Herne;05916000;059160000000;kreisfreie Stadt;Nordrhein-Westfalen;Typ 7;50,9;49,1;50,4;49,6;50,3;49,7;50,4;49,6;50,4;49,6
Hersfeld-Rotenburg, LK;06632000;066320000000;Landkreis;Hessen;;49,8;50,2;49,3;50,7;49,2;50,8;49,2;50,8;49,1;50,9
Herzogtum Lauenburg;01053000;010530000000;Landkreis;Schleswig-Holstein;;50,9;49,1;50,8;49,2;50,8;49,2;50,9;49,1;51,0;49,0
Hildburghausen, LK;16069000;160690000000;Landkreis;Thüringen;;50,0;50,0;49,5;50,5;49,2;50,8;49,1;50,9;48,9;51,1
Hildesheim, LK;03254000;032540000000;Landkreis;Niedersachsen;;51,2;48,8;50,9;49,1;50,8;49,2;50,8;49,2;50,8;49,2
Hochsauerlandkreis, LK;05958000;059580000000;Landkreis;Nordrhein-Westfalen;;50,1;49,9;49,8;50,2;49,8;50,2;49,8;50,2;49,9;50,1
Hochtaunuskreis, LK;06434000;064340000000;Landkreis;Hessen;;51,5;48,5;51,2;48,8;51,2;48,8;51,2;48,8;51,3;48,7
Hof;09464000;094640000000;kreisfreie Stadt;Bayern;Typ 6;51,8;48,2;51,2;48,8;51,0;49,0;51,0;49,0;51,0;49,0
Hof, LK;09475000;094750000000;Landkreis;Bayern;;51,0;49,0;50,6;49,4;50,4;49,6;50,3;49,7;50,2;49,8
Hohenlohekreis, LK;08126000;081260000000;Landkreis;Baden-Württemberg;;49,6;50,4;49,2;50,8;49,2;50,8;49,3;50,7;49,3;50,7
Holzminden, LK;03255000;032550000000;Landkreis;Niedersachsen;;50,4;49,6;50,2;49,8;50,1;49,9;50,1;49,9;50,1;49,9
H�xter, LK;05762000;057620000000;Landkreis;Nordrhein-Westfalen;;50,2;49,8;50,5;49,5;50,8;49,2;51,0;49,0;51,2;48,8
Ilm-Kreis, LK;16070000;160700000000;Landkreis;Thüringen;;49,8;50,2;49,4;50,6;49,2;50,8;49,1;50,9;48,9;51,1
Ingolstadt;09161000;091610000000;kreisfreie Stadt;Bayern;Typ 5;49,5;50,5;49,3;50,7;49,5;50,5;49,8;50,2;50,0;50,0
Jena;16053000;160530000000;kreisfreie Stadt;Thüringen;Typ 7;50,0;50,0;49,7;50,3;49,5;50,5;49,5;50,5;49,5;50,5
Jerichower Land, LK;15086000;150860000000;Landkreis;Sachsen-Anhalt;;50,2;49,8;50,1;49,9;50,0;50,0;49,9;50,1;49,9;50,1
Kaiserslautern;07312000;073120000000;kreisfreie Stadt;Rheinland-Pfalz;Typ 6;49,5;50,5;49,2;50,8;49,2;50,8;49,3;50,7;49,3;50,7
Kaiserslautern, LK;07335000;073350000000;Landkreis;Rheinland-Pfalz;;50,9;49,1;50,6;49,4;50,5;49,5;50,6;49,4;50,6;49,4
Karlsruhe;08212000;082120000000;kreisfreie Stadt;Baden-Württemberg;Typ 7;48,9;51,1;48,6;51,4;48,8;51,2;49,0;51,0;49,0;51,0
Karlsruhe, LK;08215000;082150000000;Landkreis;Baden-Württemberg;;50,2;49,8;49,9;50,1;49,9;50,1;50,0;50,0;50,1;49,9
Kassel;06611000;066110000000;kreisfreie Stadt;Hessen;Typ 7;50,8;49,2;50,3;49,7;50,3;49,7;50,4;49,6;50,5;49,5
Kassel, LK;06633000;066330000000;Landkreis;Hessen;;50,9;49,1;50,7;49,3;50,7;49,3;50,8;49,2;50,8;49,2
Kaufbeuren;09762000;097620000000;kreisfreie Stadt;Bayern;Typ 6;50,7;49,3;50,5;49,5;50,5;49,5;50,6;49,4;50,7;49,3
Kelheim, LK;09273000;092730000000;Landkreis;Bayern;;49,4;50,6;49,0;51,0;49,1;50,9;49,2;50,8;49,3;50,7
Kempten (Allg�u);09763000;097630000000;kreisfreie Stadt;Bayern;Typ 6;50,5;49,5;50,1;49,9;50,1;49,9;50,2;49,8;50,2;49,8
Kiel;01002000;010020000000;kreisfreie Stadt;Schleswig-Holstein;Typ 7;51,3;48,7;51,2;48,8;51,3;48,7;51,4;48,6;51,6;48,4
Kitzingen, LK;09675000;096750000000;Landkreis;Bayern;;49,8;50,2;49,4;50,6;49,3;50,7;49,3;50,7;49,4;50,6
Kleve, LK;05154000;051540000000;Landkreis;Nordrhein-Westfalen;;50,2;49,8;50,1;49,9;50,3;49,7;50,5;49,5;50,7;49,3
Koblenz;07111000;071110000000;kreisfreie Stadt;Rheinland-Pfalz;Typ 7;51,0;49,0;50,7;49,3;50,8;49,2;50,9;49,1;51,0;49,0
K�ln;05315000;053150000000;kreisfreie Stadt;Nordrhein-Westfalen;Typ 7;51,3;48,7;51,1;48,9;51,2;48,8;51,3;48,7;51,5;48,5
Konstanz, LK;08335000;083350000000;Landkreis;Baden-Württemberg;;51,4;48,6;51,0;49,0;51,0;49,0;51,0;49,0;51,1;48,9
Krefeld;05114000;051140000000;kreisfreie Stadt;Nordrhein-Westfalen;Typ 7;51,2;48,8;50,9;49,1;50,9;49,1;51,0;49,0;51,0;49,0
Kronach, LK;09476000;094760000000;Landkreis;Bayern;;50,6;49,4;50,2;49,8;50,0;50,0;49,9;50,1;49,8;50,2
Kulmbach, LK;09477000;094770000000;Landkreis;Bayern;;50,7;49,2;50,4;49,6;50,2;49,8;50,2;49,8;50,1;49,9
Kusel, LK;07336000;073360000000;Landkreis;Rheinland-Pfalz;;50,3;49,7;50,2;49,8;50,2;49,8;50,4;49,6;50,5;49,5
Kyffh�userkreis, LK;16065000;160650000000;Landkreis;Thüringen;;50,4;49,6;50,1;49,9;49,9;50,1;49,7;50,3;49,6;50,4
Lahn-Dill-Kreis, LK;06532000;065320000000;Landkreis;Hessen;;50,7;49,3;50,4;49,6;50,5;49,5;50,6;49,4;50,7;49,3
Landau in der Pfalz;07313000;073130000000;kreisfreie Stadt;Rheinland-Pfalz;Typ 6;52,4;47,6;52,2;47,8;52,3;47,7;52,5;47,5;52,7;47,3
Landsberg am Lech, LK;09181000;091810000000;Landkreis;Bayern;;50,1;49,9;49,9;50,1;49,9;50,1;50,0;50,0;50,1;49,9
Landshut;09261000;092610000000;kreisfreie Stadt;Bayern;Typ 6;51,2;48,8;50,9;49,1;51,2;48,8;51,4;48,6;51,6;48,4
Landshut, LK;09274000;092740000000;Landkreis;Bayern;;49,4;50,6;49,3;50,7;49,4;50,6;49,6;50,4;49,7;50,3
Leer, LK;03457000;034570000000;Landkreis;Niedersachsen;;50,2;49,8;49,9;50,1;49,8;50,2;49,9;50,1;49,9;50,1
Leipzig;14713000;147130000000;kreisfreie Stadt;Sachsen;Typ 7;50,9;49,1;50,5;49,5;50,5;49,5;50,6;49,4;50,7;49,3
Leipzig, LK;14729000;147290000000;Landkreis;Sachsen;;51,0;49,0;50,8;49,2;50,8;49,2;50,8;49,2;50,8;49,2
Leverkusen;05316000;053160000000;kreisfreie Stadt;Nordrhein-Westfalen;Typ 7;51,3;48,7;51,0;49,0;51,0;49,0;51,0;49,0;51,0;49,0
Lichtenfels, LK;09478000;094780000000;Landkreis;Bayern;;50,6;49,4;50,4;49,6;50,3;49,7;50,3;49,7;50,4;49,6
Limburg-Weilburg, LK;06533000;065330000000;Landkreis;Hessen;;50,4;49,6;50,1;49,9;50,2;49,8;50,5;49,5;50,6;49,4
Lindau (Bodensee), LK;09776000;097760000000;Landkreis;Bayern;;50,7;49,3;50,5;49,5;50,6;49,4;50,7;49,3;50,8;49,2
Lippe, LK;05766000;057660000000;Landkreis;Nordrhein-Westfalen;;50,9;49,1;51,0;49,0;51,1;48,9;51,3;48,7;51,5;48,5
L�rrach, LK;08336000;083360000000;Landkreis;Baden-Württemberg;;50,9;49,1;50,8;49,2;50,8;49,2;50,8;49,2;50,9;49,1
L�beck;01003000;010030000000;kreisfreie Stadt;Schleswig-Holstein;Typ 6;52,0;48,0;51,6;48,4;51,5;48,5;51,4;48,6;51,4;48,6
L�chow-Dannenberg, LK;03354000;033540000000;Landkreis;Niedersachsen;;50,9;49,1;50,9;49,1;51,1;48,9;51,3;48,7;51,5;48,5
Ludwigsburg, LK;08118000;081180000000;Landkreis;Baden-Württemberg;;50,4;49,6;50,1;49,9;50,1;49,9;50,2;49,8;50,3;49,7
Ludwigshafen am Rhein;07314000;073140000000;kreisfreie Stadt;Rheinland-Pfalz;Typ 7;49,8;50,2;49,5;50,5;49,6;50,4;49,8;50,2;49,9;50,1
Ludwigslust-Parchim, LK;13076000;130760000000;Landkreis;Mecklenburg-Vorpommern;;50,1;49,9;50,1;49,9;50,2;49,8;50,4;49,6;50,4;49,5
L�neburg, LK;03355000;033550000000;Landkreis;Niedersachsen;;51,2;48,8;50,9;49,1;51,0;49,0;51,1;48,9;51,2;48,8
Magdeburg;15003000;150030000000;kreisfreie Stadt;Sachsen-Anhalt;Typ 7;50,7;49,3;50,2;49,8;50,0;50,0;50,0;50,0;49,9;50,1
Main-Kinzig-Kreis, LK;06435000;064350000000;Landkreis;Hessen;;50,7;49,3;50,4;49,6;50,5;49,5;50,6;49,4;50,7;49,3
Main-Spessart, LK;09677000;096770000000;Landkreis;Bayern;;50,2;49,8;50,1;49,9;50,1;49,9;50,3;49,7;50,3;49,7
Main-Tauber-Kreis, LK;08128000;081280000000;Landkreis;Baden-Württemberg;;50,1;49,9;49,7;50,3;49,6;50,4;49,6;50,4;49,7;50,3
Main-Taunus-Kreis, LK;06436000;064360000000;Landkreis;Hessen;;51,0;49,0;50,8;49,2;50,9;49,1;51,1;48,9;51,1;48,9
Mainz;07315000;073150000000;kreisfreie Stadt;Rheinland-Pfalz;Typ 7;51,3;48,7;51,1;48,9;51,1;48,9;51,3;48,7;51,5;48,5
Mainz-Bingen, LK;07339000;073390000000;Landkreis;Rheinland-Pfalz;;50,7;49,3;50,5;49,5;50,6;49,4;50,8;49,2;50,9;49,1
Mannheim;08222000;082220000000;kreisfreie Stadt;Baden-Württemberg;Typ 7;50,2;49,8;49,9;50,1;50,1;49,9;50,4;49,6;50,5;49,5
Mansfeld-S�dharz, LK;15087000;150870000000;Landkreis;Sachsen-Anhalt;;50,9;49,1;50,7;49,3;50,5;49,5;50,4;49,6;50,3;49,7
Marburg-Biedenkopf, LK;06534000;065340000000;Landkreis;Hessen;;50,8;49,2;50,3;49,7;50,3;49,7;50,5;49,5;50,6;49,4
M�rkischer Kreis, LK;05962000;059620000000;Landkreis;Nordrhein-Westfalen;;50,8;49,2;50,7;49,3;50,8;49,2;50,9;49,1;51,0;49,0
M�rkisch-Oderland, LK;12064000;120640000000;Landkreis;Brandenburg;;50,4;49,6;50,3;49,7;50,4;49,6;50,5;49,5;50,6;49,4
Mayen-Koblenz, LK;07137000;071370000000;Landkreis;Rheinland-Pfalz;;50,6;49,4;50,4;49,6;50,4;49,6;50,5;49,5;50,6;49,4
Mecklenburgische Seenplatte, LK;13071000;130710000000;Landkreis;Mecklenburg-Vorpommern;;50,9;49,1;50,8;49,2;50,8;49,2;51,0;49,0;51,1;48,9
Mei�en, LK;14627000;146270000000;Landkreis;Sachsen;;50,8;49,2;50,5;49,5;50,3;49,7;50,1;49,9;49,9;50,1
Memmingen;09764000;097640000000;kreisfreie Stadt;Bayern;Typ 4;50,4;49,6;50,1;49,9;50,1;49,9;50,1;49,9;50,2;49,8
Merzig-Wadern, LK;10042000;100420000000;Landkreis;Saarland;;50,6;49,4;50,3;49,7;50,2;49,8;50,3;49,7;50,4;49,6
Mettmann, LK;05158000;051580000000;Landkreis;Nordrhein-Westfalen;;51,7;48,3;51,6;48,4;51,5;48,5;51,5;48,5;51,6;48,4
Miesbach, LK;09182000;091820000000;Landkreis;Bayern;;51,1;48,9;50,8;49,2;50,7;49,3;50,7;49,3;50,7;49,4
Miltenberg, LK;09676000;096760000000;Landkreis;Bayern;;50,3;49,7;50,1;49,9;50,1;49,9;50,2;49,8;50,2;49,8
Minden-L�bbecke, LK;05770000;057700000000;Landkreis;Nordrhein-Westfalen;;50,6;49,4;50,3;49,7;50,2;49,8;50,3;49,7;50,3;49,7
Mittelsachsen, LK;14522000;145220000000;Landkreis;Sachsen;;50,3;49,7;49,7;50,3;49,3;50,7;49,1;50,9;48,8;51,2
M�nchengladbach;05116000;051160000000;kreisfreie Stadt;Nordrhein-Westfalen;Typ 6;50,7;49,3;50,3;49,7;50,2;49,8;50,3;49,7;50,3;49,7
M�hldorf am Inn, LK;09183000;091830000000;Landkreis;Bayern;;49,5;50,5;49,0;51,0;49,0;51,0;49,1;50,9;49,2;50,8
M�lheim an der Ruhr;05117000;051170000000;kreisfreie Stadt;Nordrhein-Westfalen;Typ 7;51,8;48,2;51,3;48,7;51,1;48,9;51,1;48,9;51,1;48,9
M�nchen;09162000;091620000000;kreisfreie Stadt;Bayern;Typ 7;51,2;48,8;51,2;48,8;51,4;48,6;51,7;48,3;51,9;48,1
M�nchen, LK;09184000;091840000000;Landkreis;Bayern;;50,3;49,7;50,1;49,9;50,3;49,7;50,5;49,5;50,6;49,4
M�nster;05515000;055150000000;kreisfreie Stadt;Nordrhein-Westfalen;Typ 7;52,0;48,0;51,7;48,3;51,6;48,4;51,8;48,2;51,9;48,1
Neckar-Odenwald-Kreis, LK;08225000;082250000000;Landkreis;Baden-Württemberg;;49,8;50,2;49,5;50,5;49,5;50,5;49,5;50,5;49,6;50,4
Neuburg-Schrobenhausen, LK;09185000;091850000000;Landkreis;Bayern;;49,7;50,3;49,6;50,4;49,7;50,3;49,9;50,1;50,1;49,9
Neumarkt in der Oberpfalz, LK;09373000;093730000000;Landkreis;Bayern;;49,4;50,6;49,2;50,8;49,2;50,8;49,3;50,7;49,4;50,6
Neum�nster;01004000;010040000000;kreisfreie Stadt;Schleswig-Holstein;Typ 6;50,5;49,5;50,7;49,3;50,9;49,1;51,1;48,9;51,1;48,9
Neunkirchen, LK;10043000;100430000000;Landkreis;Saarland;;50,9;49,1;50,5;49,5;50,3;49,7;50,3;49,7;50,3;49,7
Neustadt an der Aisch-Bad Windsheim, LK;09575000;095750000000;Landkreis;Bayern;;49,9;50,1;49,5;50,5;49,4;50,6;49,4;50,6;49,4;50,6
Neustadt an der Waldnaab, LK;09374000;093740000000;Landkreis;Bayern;;50,2;49,8;50,1;49,9;50,1;49,9;50,2;49,8;50,4;49,6
Neustadt an der Weinstra�e;07316000;073160000000;kreisfreie Stadt;Rheinland-Pfalz;Typ 5;51,2;48,8;50,9;49,1;50,8;49,2;50,8;49,2;50,9;49,1
Neu-Ulm, LK;09775000;097750000000;Landkreis;Bayern;;50,5;49,5;50,2;49,8;50,2;49,8;50,3;49,7;50,4;49,6
Neuwied, LK;07138000;071380000000;Landkreis;Rheinland-Pfalz;;50,7;49,3;50,6;49,4;50,6;49,4;50,7;49,3;50,7;49,3
Nienburg (Weser), LK;03256000;032560000000;Landkreis;Niedersachsen;;50,4;49,6;50,1;49,9;50,2;49,8;50,3;49,7;50,3;49,7
Nordfriesland, LK;01054000;010540000000;Landkreis;Schleswig-Holstein;;51,1;48,9;50,8;49,2;50,8;49,2;50,8;49,2;50,8;49,2
Nordhausen, LK;16062000;160620000000;Landkreis;Thüringen;;50,3;49,7;50,2;49,8;50,1;49,9;50,1;49,9;50,0;50,0
Nordsachsen, LK;14730000;147300000000;Landkreis;Sachsen;;50,4;49,6;50,0;50,0;49,7;50,3;49,6;50,4;49,5;50,5
Nordwestmecklenburg, LK;13074000;130740000000;Landkreis;Mecklenburg-Vorpommern;;50,3;49,7;50,2;49,8;50,3;49,7;50,4;49,6;50,6;49,4
Northeim, LK;03155000;031550000000;Landkreis;Niedersachsen;;50,7;49,3;50,4;49,6;50,4;49,6;50,4;49,6;50,5;49,5
N�rnberg;09564000;095640000000;kreisfreie Stadt;Bayern;Typ 7;51,2;48,8;50,8;49,2;50,9;49,1;51,1;48,9;51,3;48,7
N�rnberger Land, LK;09574000;095740000000;Landkreis;Bayern;;50,8;49,2;50,6;49,4;50,6;49,4;50,6;49,4;50,7;49,3
Oberallg�u, LK;09780000;097800000000;Landkreis;Bayern;;50,8;49,2;50,6;49,4;50,6;49,4;50,7;49,3;50,7;49,3
Oberbergischer Kreis, LK;05374000;053740000000;Landkreis;Nordrhein-Westfalen;;50,8;49,2;50,6;49,4;50,5;49,5;50,5;49,5;50,5;49,5
Oberhausen;05119000;051190000000;kreisfreie Stadt;Nordrhein-Westfalen;Typ 7;50,9;49,1;50,5;49,5;50,4;49,6;50,4;49,6;50,4;49,6
Oberhavel, LK;12065000;120650000000;Landkreis;Brandenburg;;50,7;49,3;50,8;49,2;50,9;49,1;51,1;48,9;51,2;48,8
Oberspreewald-Lausitz, LK;12066000;120660000000;Landkreis;Brandenburg;;50,9;49,1;50,4;49,6;50,0;50,0;49,8;50,2;49,6;50,4
Odenwaldkreis, LK;06437000;064370000000;Landkreis;Hessen;;50,6;49,4;50,4;49,6;50,5;49,5;50,6;49,4;50,7;49,3
Oder-Spree, LK;12067000;120670000000;Landkreis;Brandenburg;;51,0;49,0;51,1;48,9;51,2;48,8;51,4;48,6;51,4;48,6
Offenbach am Main;06413000;064130000000;kreisfreie Stadt;Hessen;Typ 7;50,3;49,7;50,7;49,3;51,2;48,8;51,7;48,3;52,0;48,0
Offenbach, LK;06438000;064380000000;Landkreis;Hessen;;50,7;49,3;50,6;49,4;50,7;49,3;50,9;49,1;51,0;49,0
Oldenburg, LK;03458000;034580000000;Landkreis;Niedersachsen;;50,4;49,6;50,6;49,4;50,8;49,2;51,1;48,9;51,3;48,7
Oldenburg (Oldenburg);03403000;034030000000;kreisfreie Stadt;Niedersachsen;Typ 7;52,0;48,0;52,0;48,0;52,2;47,8;52,5;47,5;52,7;47,3
Olpe, LK;05966000;059660000000;Landkreis;Nordrhein-Westfalen;;49,9;50,1;49,9;50,1;50,0;50,0;50,1;49,9;50,2;49,8
Ortenaukreis, LK;08317000;083170000000;Landkreis;Baden-Württemberg;;50,1;49,9;49,8;50,2;49,7;50,3;49,8;50,2;49,8;50,2
Osnabr�ck;03404000;034040000000;kreisfreie Stadt;Niedersachsen;Typ 7;51,6;48,4;51,2;48,8;51,2;48,8;51,3;48,7;51,5;48,5
Osnabr�ck, LK;03459000;034590000000;Landkreis;Niedersachsen;;50,4;49,6;50,3;49,7;50,4;49,6;50,6;49,4;50,7;49,3
Ostalbkreis, LK;08136000;081360000000;Landkreis;Baden-Württemberg;;50,2;49,8;50,0;50,0;50,0;50,0;50,1;49,9;50,2;49,8
Ostallg�u, LK;09777000;097770000000;Landkreis;Bayern;;50,1;49,9;50,1;49,9;50,1;49,9;50,3;49,7;50,3;49,6
Osterholz, LK;03356000;033560000000;Landkreis;Niedersachsen;;51,0;49,0;51,0;49,0;51,1;48,9;51,2;48,8;51,2;48,8
Ostholstein, LK;01055000;010550000000;Landkreis;Schleswig-Holstein;;51,8;48,2;51,8;48,2;52,0;48,0;52,1;47,9;52,3;47,7
Ostprignitz-Ruppin, LK;12068000;120680000000;Landkreis;Brandenburg;;50,3;49,7;50,1;49,9;50,0;50,0;50,0;50,0;50,1;49,9
Paderborn, LK;05774000;057740000000;Landkreis;Nordrhein-Westfalen;;49,9;50,1;49,8;50,2;49,8;50,2;50,0;50,0;50,1;49,9
Passau;09262000;092620000000;kreisfreie Stadt;Bayern;Typ 7;51,4;48,6;50,9;49,1;50,8;49,2;50,8;49,1;50,9;49,1
Passau, LK;09275000;092750000000;Landkreis;Bayern;;50,4;49,6;50,1;49,9;50,0;50,0;50,0;50,0;50,1;49,9
Peine, LK;03157000;031570000000;Landkreis;Niedersachsen;;50,5;49,5;50,3;49,7;50,4;49,5;50,6;49,4;50,7;49,3
Pfaffenhofen an der Ilm, LK;09186000;091860000000;Landkreis;Bayern;;49,3;50,7;49,2;50,8;49,4;50,6;49,6;50,4;49,8;50,2
Pforzheim;08231000;082310000000;kreisfreie Stadt;Baden-Württemberg;Typ 6;50,7;49,3;50,3;49,7;50,3;49,7;50,4;49,6;50,5;49,5
Pinneberg, LK;01056000;010560000000;Landkreis;Schleswig-Holstein;;50,9;49,1;50,8;49,2;50,8;49,2;50,8;49,2;50,8;49,2
Pirmasens;07317000;073170000000;kreisfreie Stadt;Rheinland-Pfalz;Typ 2;51,0;49,0;50,3;49,7;50,0;50,0;50,0;50,0;50,0;50,0
Pl�n, LK;01057000;010570000000;Landkreis;Schleswig-Holstein;;51,6;48,4;51,5;48,5;51,5;48,5;51,6;48,4;51,6;48,4
Potsdam;12054000;120540000000;kreisfreie Stadt;Brandenburg;Typ 7;51,6;48,4;51,4;48,6;51,4;48,6;51,6;48,4;51,7;48,3
Potsdam-Mittelmark, LK;12069000;120690000000;Landkreis;Brandenburg;;50,5;49,5;50,6;49,4;50,8;49,2;51,0;49,0;51,2;48,8
Prignitz, LK;12070000;120700000000;Landkreis;Brandenburg;;50,4;49,6;50,1;49,9;49,9;50,1;49,8;50,2;49,7;50,3
Rastatt, LK;08216000;082160000000;Landkreis;Baden-Württemberg;;50,3;49,7;50,0;50,0;50,0;50,0;50,1;49,9;50,2;49,8
Ravensburg, LK;08436000;084360000000;Landkreis;Baden-Württemberg;;50,2;49,8;49,8;50,2;49,8;50,2;49,8;50,2;49,8;50,2
Recklinghausen, LK;05562000;055620000000;Landkreis;Nordrhein-Westfalen;;51,3;48,7;51,0;49,0;51,0;49,0;51,1;48,9;51,2;48,8
Regen, LK;09276000;092760000000;Landkreis;Bayern;;50,1;49,9;49,8;50,2;49,7;50,3;49,8;50,2;49,9;50,1
Regensburg;09362000;093620000000;kreisfreie Stadt;Bayern;Typ 7;51,4;48,6;51,0;49,0;51,0;49,0;51,2;48,8;51,4;48,6
Regensburg, LK;09375000;093750000000;Landkreis;Bayern;;50,0;50,0;49,7;50,3;49,8;50,2;49,8;50,2;49,9;50,1
Regionalverband Saarbr�cken;10041000;100410000000;Landkreis;Saarland;;50,8;49,2;50,3;49,7;50,2;49,8;50,1;49,9;50,0;50,0
Region Hannover;03241000;032410000000;Landkreis;Niedersachsen;;51,1;48,9;50,7;49,3;50,7;49,3;50,7;49,3;50,8;49,2
Remscheid;05120000;051200000000;kreisfreie Stadt;Nordrhein-Westfalen;Typ 6;50,5;49,5;50,2;49,8;50,1;49,9;50,1;49,9;50,2;49,8
Rems-Murr-Kreis, LK;08119000;081190000000;Landkreis;Baden-Württemberg;;50,6;49,4;50,3;49,7;50,2;49,8;50,2;49,8;50,3;49,7
Rendsburg-Eckernf�rde, LK;01058000;010580000000;Landkreis;Schleswig-Holstein;;50,8;49,2;50,8;49,2;50,9;49,1;51,0;49,0;51,1;48,9
Reutlingen, LK;08415000;084150000000;Landkreis;Baden-Württemberg;;50,4;49,6;50,0;50,0;49,9;50,1;49,9;50,1;49,9;50,1
Rhein-Erft-Kreis, LK;05362000;053620000000;Landkreis;Nordrhein-Westfalen;;51,2;48,8;51,1;48,9;51,2;48,8;51,3;48,7;51,4;48,6
Rheingau-Taunus-Kreis, LK;06439000;064390000000;Landkreis;Hessen;;50,9;49,1;50,7;49,3;50,8;49,2;50,9;49,1;50,9;49,1
Rhein-Hunsr�ck-Kreis, LK;07140000;071400000000;Landkreis;Rheinland-Pfalz;;50,3;49,7;50,0;50,0;50,0;50,0;50,1;49,9;50,2;49,8
Rheinisch-Bergischer Kreis, LK;05378000;053780000000;Landkreis;Nordrhein-Westfalen;;51,5;48,5;51,5;48,5;51,5;48,5;51,5;48,5;51,6;48,4
Rhein-Kreis Neuss, LK;05162000;051620000000;Landkreis;Nordrhein-Westfalen;;51,4;48,6;51,4;48,6;51,6;48,4;51,7;48,3;51,8;48,2
Rhein-Lahn-Kreis, LK;07141000;071410000000;Landkreis;Rheinland-Pfalz;;50,5;49,5;50,4;49,6;50,5;49,5;50,6;49,4;50,6;49,4
Rhein-Neckar-Kreis, LK;08226000;082260000000;Landkreis;Baden-Württemberg;;50,8;49,2;50,6;49,4;50,6;49,4;50,6;49,4;50,7;49,3
Rhein-Pfalz-Kreis, LK;07338000;073380000000;Landkreis;Rheinland-Pfalz;;50,7;49,3;50,4;49,6;50,4;49,6;50,5;49,5;50,5;49,5
Rhein-Sieg-Kreis, LK;05382000;053820000000;Landkreis;Nordrhein-Westfalen;;51,0;49,0;50,9;49,1;51,0;49,0;51,1;48,9;51,1;48,9
Rh�n-Grabfeld, LK;09673000;096730000000;Landkreis;Bayern;;50,3;49,7;50,0;50,0;49,9;50,1;49,9;50,0;50,0;50,0
Rosenheim;09163000;091630000000;kreisfreie Stadt;Bayern;Typ 7;50,5;49,5;49,8;50,2;49,6;50,4;49,5;50,5;49,5;50,5
Rosenheim, LK;09187000;091870000000;Landkreis;Bayern;;50,5;49,5;50,4;49,6;50,5;49,5;50,6;49,4;50,7;49,3
Rostock;13003000;130030000000;kreisfreie Stadt;Mecklenburg-Vorpommern;Typ 7;50,8;49,2;50,4;49,6;50,4;49,6;50,4;49,6;50,4;49,6
Rostock, LK;13072000;130720000000;Landkreis;Mecklenburg-Vorpommern;;50,4;49,6;50,4;49,6;50,5;49,5;50,6;49,4;50,7;49,3
Rotenburg (W�mme), LK;03357000;033570000000;Landkreis;Niedersachsen;;49,8;50,2;49,8;50,2;49,9;50,1;50,1;49,9;50,3;49,7
Roth, LK;09576000;095760000000;Landkreis;Bayern;;50,4;49,6;50,0;50,0;49,9;50,1;49,9;50,1;49,9;50,1
Rottal-Inn, LK;09277000;092770000000;Landkreis;Bayern;;49,9;50,1;49,7;50,3;49,7;50,3;49,8;50,2;49,9;50,1
Rottweil, LK;08325000;083250000000;Landkreis;Baden-Württemberg;;50,0;50,0;49,5;50,4;49,4;50,6;49,3;50,7;49,3;50,7
Saale-Holzland-Kreis, LK;16074000;160740000000;Landkreis;Thüringen;;50,3;49,7;50,3;49,7;50,4;49,6;50,3;49,7;50,2;49,8
Saalekreis, LK;15088000;150880000000;Landkreis;Sachsen-Anhalt;;50,6;49,4;50,3;49,7;50,3;49,7;50,2;49,8;50,2;49,8
Saale-Orla-Kreis, LK;16075000;160750000000;Landkreis;Thüringen;;50,3;49,7;49,8;50,2;49,5;50,5;49,3;50,7;49,1;50,9
Saalfeld-Rudolstadt, LK;16073000;160730000000;Landkreis;Thüringen;;50,7;49,3;50,3;49,7;50,0;50,0;49,8;50,3;49,6;50,4
Saarlouis, LK;10044000;100440000000;Landkreis;Saarland;;51,0;49,0;51,1;48,9;51,3;48,7;51,5;48,5;51,6;48,4
Saarpfalz-Kreis, LK;10045000;100450000000;Landkreis;Saarland;;51,4;48,6;51,1;48,9;51,0;49,0;51,0;49,0;51,1;48,9
S�chsische Schweiz-Osterzgebirge, LK;14628000;146280000000;Landkreis;Sachsen;;50,6;49,4;50,5;49,5;50,4;49,6;50,4;49,6;50,4;49,6
Salzgitter;03102000;031020000000;kreisfreie Stadt;Niedersachsen;Typ 6;50,3;49,7;49,7;50,3;49,7;50,3;49,8;50,2;49,9;50,1
Salzlandkreis, LK;15089000;150890000000;Landkreis;Sachsen-Anhalt;;51,2;48,8;50,8;49,2;50,7;49,3;50,6;49,4;50,4;49,6
Schaumburg, LK;03257000;032570000000;Landkreis;Niedersachsen;;50,9;49,1;50,8;49,2;50,9;49,1;51,0;49,0;51,1;48,9
Schleswig-Flensburg, LK;01059000;010590000000;Landkreis;Schleswig-Holstein;;50,6;49,4;50,5;49,5;50,6;49,4;50,7;49,3;50,7;49,3
Schmalkalden-Meiningen, LK;16066000;160660000000;Landkreis;Thüringen;;50,0;50,0;49,7;50,3;49,5;50,5;49,4;50,6;49,2;50,8
Schwabach;09565000;095650000000;kreisfreie Stadt;Bayern;Typ 5;50,9;49,1;51,0;49,0;51,3;48,7;51,5;48,5;51,6;48,4
Schw�bisch Hall, LK;08127000;081270000000;Landkreis;Baden-Württemberg;;49,8;50,2;49,5;50,5;49,5;50,5;49,6;50,4;49,7;50,3
Schwalm-Eder-Kreis, LK;06634000;066340000000;Landkreis;Hessen;;49,9;50,1;49,6;50,4;49,6;50,4;49,6;50,4;49,6;50,4
Schwandorf, LK;09376000;093760000000;Landkreis;Bayern;;49,7;50,3;49,4;50,6;49,4;50,6;49,4;50,6;49,5;50,5
Schwarzwald-Baar-Kreis, LK;08326000;083260000000;Landkreis;Baden-Württemberg;;50,4;49,6;50,0;50,0;49,9;50,2;49,9;50,1;49,9;50,1
Schweinfurt;09662000;096620000000;kreisfreie Stadt;Bayern;Typ 6;50,9;49,1;50,3;49,7;50,3;49,7;50,4;49,6;50,4;49,6
Schweinfurt, LK;09678000;096780000000;Landkreis;Bayern;;49,8;50,2;49,5;50,5;49,4;50,6;49,4;50,6;49,4;50,6
Schwerin;13004000;130040000000;kreisfreie Stadt;Mecklenburg-Vorpommern;Typ 6;52,0;48,0;51,5;48,5;51,5;48,5;51,6;48,4;51,6;48,4
Segeberg, LK;01060000;010600000000;Landkreis;Schleswig-Holstein;;50,6;49,4;50,6;49,5;50,7;49,3;50,8;49,2;50,9;49,1
Siegen-Wittgenstein, LK;05970000;059700000000;Landkreis;Nordrhein-Westfalen;;50,4;49,6;50,2;49,8;50,3;49,7;50,4;49,6;50,5;49,5
Sigmaringen, LK;08437000;084370000000;Landkreis;Baden-Württemberg;;49,8;50,2;49,4;50,6;49,5;50,5;49,6;50,4;49,6;50,4
Soest, LK;05974000;059740000000;Landkreis;Nordrhein-Westfalen;;50,4;49,6;50,3;49,7;50,4;49,6;50,6;49,4;50,7;49,3
Solingen;05122000;051220000000;kreisfreie Stadt;Nordrhein-Westfalen;Typ 6;51,5;48,5;51,1;48,9;51,1;48,9;51,1;48,9;51,1;48,9
S�mmerda, LK;16068000;160680000000;Landkreis;Thüringen;;50,1;49,9;49,8;50,2;49,7;50,3;49,7;50,3;49,6;50,4
Sonneberg, LK;16072000;160720000000;Landkreis;Thüringen;;50,8;49,2;50,1;49,9;49,7;50,3;49,5;50,5;49,3;50,7
Speyer;07318000;073180000000;kreisfreie Stadt;Rheinland-Pfalz;Typ 5;51,4;48,7;51,1;48,9;51,1;48,9;51,2;48,8;51,3;48,7
Spree-Nei�e, LK;12071000;120710000000;Landkreis;Brandenburg;;50,9;49,1;50,8;49,2;50,8;49,2;50,8;49,2;50,8;49,2
Stade, LK;03359000;033590000000;Landkreis;Niedersachsen;;50,2;49,8;50,4;49,6;50,6;49,4;50,9;49,1;51,2;48,8
St�dteregion Aachen;05334000;053340000000;Landkreis;Nordrhein-Westfalen;;49,5;50,5;49,3;50,7;49,4;50,6;49,5;50,5;49,6;50,4
Starnberg, LK;09188000;091880000000;Landkreis;Bayern;;51,6;48,4;51,4;48,6;51,4;48,6;51,5;48,5;51,5;48,5
Steinburg, LK;01061000;010610000000;Landkreis;Schleswig-Holstein;;50,6;49,4;50,4;49,6;50,5;49,5;50,6;49,4;50,7;49,3
Steinfurt, LK;05566000;055660000000;Landkreis;Nordrhein-Westfalen;;50,3;49,7;50,0;50,0;50,0;50,0;50,1;49,9;50,2;49,8
Stendal, LK;15090000;150900000000;Landkreis;Sachsen-Anhalt;;50,7;49,3;50,5;49,4;50,5;49,5;50,5;49,5;50,5;49,5
Stormarn, LK;01062000;010620000000;Landkreis;Schleswig-Holstein;;51,1;48,9;51,1;48,9;51,2;48,8;51,3;48,7;51,4;48,6
Straubing;09263000;092630000000;kreisfreie Stadt;Bayern;Typ 6;49,7;50,3;49,3;50,7;49,3;50,7;49,6;50,4;49,7;50,3
Straubing-Bogen, LK;09278000;092780000000;Landkreis;Bayern;;49,8;50,2;49,7;50,3;49,8;50,2;49,9;50,1;50,0;50,0
Stuttgart;08111000;081110000000;kreisfreie Stadt;Baden-Württemberg;Typ 7;50,1;49,9;49,7;50,3;49,7;50,3;49,8;50,2;50,0;50,0
St. Wendel, LK;10046000;100460000000;Landkreis;Saarland;;50,7;49,3;50,6;49,4;50,6;49,4;50,7;49,3;50,8;49,2
S�dliche Weinstra�e, LK;07337000;073370000000;Landkreis;Rheinland-Pfalz;;50,7;49,3;50,8;49,2;50,9;49,1;51,1;48,9;51,3;48,7
S�dwestpfalz, LK;07340000;073400000000;Landkreis;Rheinland-Pfalz;;50,6;49,4;50,6;49,4;50,5;49,5;50,6;49,4;50,7;49,3
Suhl;16054000;160540000000;kreisfreie Stadt;Thüringen;;50,9;49,1;50,6;49,4;50,4;49,6;50,3;49,7;50,0;50,0
Teltow-Fl�ming, LK;12072000;120720000000;Landkreis;Brandenburg;;50,1;49,9;50,0;50,0;50,2;49,8;50,4;49,6;50,6;49,4
Tirschenreuth, LK;09377000;093770000000;Landkreis;Bayern;;50,2;49,8;49,9;50,1;49,8;50,2;49,8;50,2;49,8;50,2
Traunstein, LK;09189000;091890000000;Landkreis;Bayern;;50,6;49,4;50,2;49,8;50,1;49,9;50,0;50,0;50,0;50,0
Trier;07211000;072110000000;kreisfreie Stadt;Rheinland-Pfalz;Typ 7;50,6;49,4;51,1;48,9;51,4;48,6;51,7;48,3;51,8;48,2
Trier-Saarburg, LK;07235000;072350000000;Landkreis;Rheinland-Pfalz;;50,5;49,5;50,2;49,8;50,4;49,6;50,6;49,4;50,7;49,3
T�bingen, LK;08416000;084160000000;Landkreis;Baden-Württemberg;;51,2;48,8;51,1;48,9;51,2;48,8;51,4;48,6;51,6;48,4
Tuttlingen, LK;08327000;083270000000;Landkreis;Baden-Württemberg;;49,7;50,3;49,4;50,6;49,3;50,7;49,3;50,7;49,4;50,6
Uckermark, LK;12073000;120730000000;Landkreis;Brandenburg;;51,0;49,0;50,7;49,3;50,6;49,4;50,6;49,4;50,6;49,4
Uelzen, LK;03360000;033600000000;Landkreis;Niedersachsen;;51,2;48,8;51,1;48,9;51,1;48,9;51,3;48,7;51,4;48,6
Ulm;08421000;084210000000;kreisfreie Stadt;Baden-Württemberg;Typ 7;50,4;49,6;50,0;50,0;50,1;49,9;50,3;49,7;50,4;49,6
Unna, LK;05978000;059780000000;Landkreis;Nordrhein-Westfalen;;51,3;48,7;51,0;49,0;51,0;49,0;51,0;49,0;51,0;49,0
Unstrut-Hainich-Kreis, LK;16064000;160640000000;Landkreis;Thüringen;;50,4;49,6;50,2;49,8;50,2;49,8;50,2;49,8;50,2;49,8
Unterallg�u, LK;09778000;097780000000;Landkreis;Bayern;;49,6;50,4;49,4;50,6;49,5;50,5;49,6;50,4;49,7;50,3
Vechta, LK;03460000;034600000000;Landkreis;Niedersachsen;;49,5;50,5;49,3;50,7;49,4;50,6;49,5;50,5;49,7;50,3
Verden, LK;03361000;033610000000;Landkreis;Niedersachsen;;50,9;49,1;50,9;49,1;51,0;49,0;51,2;48,8;51,3;48,7
Viersen, LK;05166000;051660000000;Landkreis;Nordrhein-Westfalen;;51,2;48,8;51,1;48,9;51,1;48,9;51,2;48,8;51,3;48,7
Vogelsbergkreis, LK;06535000;065350000000;Landkreis;Hessen;;50,0;50,0;49,5;50,5;49,5;50,5;49,5;50,5;49,6;50,4
Vogtlandkreis, LK;14523000;145230000000;Landkreis;Sachsen;;51,2;48,8;50,7;49,3;50,4;49,6;50,1;49,9;49,8;50,2
Vorpommern-Greifswald, LK;13075000;130750000000;Landkreis;Mecklenburg-Vorpommern;;51,1;48,9;51,1;48,9;51,2;48,8;51,4;48,6;51,6;48,4
Vorpommern-R�gen, LK;13073000;130730000000;Landkreis;Mecklenburg-Vorpommern;;51,0;49,0;50,8;49,2;50,9;49,2;51,0;49,0;51,1;48,9
Vulkaneifel, LK;07233000;072330000000;Landkreis;Rheinland-Pfalz;;49,9;50,1;49,6;50,4;49,7;50,3;49,8;50,2;49,9;50,1
Waldeck-Frankenberg, LK;06635000;066350000000;Landkreis;Hessen;;50,2;49,8;49,8;50,2;49,7;50,3;49,7;50,3;49,6;50,4
Waldshut, LK;08337000;083370000000;Landkreis;Baden-Württemberg;;50,4;49,6;50,1;49,9;50,0;50,0;50,0;50,0;50,1;49,9
Warendorf, LK;05570000;055700000000;Landkreis;Nordrhein-Westfalen;;50,6;49,4;50,4;49,6;50,4;49,6;50,5;49,6;50,5;49,5
Wartburgkreis, LK;16063000;160630000000;Landkreis;Thüringen;;50,1;49,9;49,9;50,1;49,7;50,2;49,8;50,2;49,7;50,3
Weiden in der Oberpfalz;09363000;093630000000;kreisfreie Stadt;Bayern;Typ 2;51,6;48,4;51,0;49,0;50,9;49,1;50,9;49,1;50,9;49,1
Weilheim-Schongau, LK;09190000;091900000000;Landkreis;Bayern;;50,4;49,6;50,1;49,9;50,0;50,0;50,1;49,9;50,1;49,9
Weimar;16055000;160550000000;kreisfreie Stadt;Thüringen;Typ 7;51,7;48,3;51,3;48,7;51,2;48,8;51,1;48,9;51,1;48,9
Weimarer Land, LK;16071000;160710000000;Landkreis;Thüringen;;50,5;49,5;50,2;49,8;50,2;49,8;50,2;49,8;50,2;49,8
Wei�enburg-Gunzenhausen, LK;09577000;095770000000;Landkreis;Bayern;;50,1;49,9;49,9;50,1;49,9;50,1;50,0;50,0;50,1;49,9
Werra-Mei�ner-Kreis, LK;06636000;066360000000;Landkreis;Hessen;;50,4;49,6;50,0;50,0;49,9;50,1;49,9;50,1;49,9;50,1
Wesel, LK;05170000;051700000000;Landkreis;Nordrhein-Westfalen;;51,3;48,7;51,2;48,8;51,2;48,8;51,3;48,7;51,3;48,7
Wesermarsch, LK;03461000;034610000000;Landkreis;Niedersachsen;;49,9;50,1;49,6;50,4;49,6;50,4;49,6;50,4;49,6;50,4
Westerwaldkreis, LK;07143000;071430000000;Landkreis;Rheinland-Pfalz;;50,4;49,6;50,2;49,8;50,2;49,8;50,2;49,8;50,3;49,7
Wetteraukreis, LK;06440000;064400000000;Landkreis;Hessen;;50,5;49,5;50,4;49,6;50,5;49,5;50,7;49,3;50,9;49,1
Wiesbaden;06414000;064140000000;kreisfreie Stadt;Hessen;Typ 7;52,2;47,8;52,2;47,8;52,4;47,6;52,6;47,4;52,8;47,2
Wilhelmshaven;03405000;034050000000;kreisfreie Stadt;Niedersachsen;Typ 2;50,9;49,1;50,4;49,6;50,4;49,6;50,5;49,5;50,5;49,5
Wittenberg, LK;15091000;150910000000;Landkreis;Sachsen-Anhalt;;50,8;49,2;50,5;49,5;50,3;49,7;50,2;49,8;50,1;49,9
Wittmund, LK;03462000;034620000000;Landkreis;Niedersachsen;;51,0;49,0;50,9;49,1;50,9;49,1;51,0;49,0;51,1;48,9
Wolfenb�ttel, LK;03158000;031580000000;Landkreis;Niedersachsen;;50,5;49,5;50,4;49,6;50,5;49,5;50,6;49,4;50,6;49,4
Wolfsburg;03103000;031030000000;kreisfreie Stadt;Niedersachsen;Typ 5;50,2;49,8;49,8;50,2;49,7;50,3;49,6;50,4;49,6;50,4
Worms;07319000;073190000000;kreisfreie Stadt;Rheinland-Pfalz;Typ 6;50,5;49,5;50,2;49,8;50,3;49,7;50,4;49,6;50,4;49,6
Wunsiedel im Fichtelgebirge, LK;09479000;094790000000;Landkreis;Bayern;;51,1;48,9;50,5;49,5;50,2;49,8;50,1;49,9;50,0;50,0
Wuppertal;05124000;051240000000;kreisfreie Stadt;Nordrhein-Westfalen;Typ 7;50,9;49,1;50,5;49,5;50,4;49,6;50,5;49,5;50,5;49,5
W�rzburg;09663000;096630000000;kreisfreie Stadt;Bayern;Typ 7;52,2;47,8;51,4;48,6;51,2;48,8;51,3;48,7;51,3;48,7
W�rzburg, LK;09679000;096790000000;Landkreis;Bayern;;50,3;49,7;50,1;49,9;50,1;49,9;50,2;49,8;50,2;49,8
Zollernalbkreis, LK;08417000;084170000000;Landkreis;Baden-Württemberg;;50,4;49,6;50,5;49,5;50,7;49,3;50,9;49,1;51,0;49,0
Zweibr�cken;07320000;073200000000;kreisfreie Stadt;Rheinland-Pfalz;Typ 2;50,5;49,5;50,0;50,0;49,9;50,1;49,9;50,1;49,8;50,2
Zwickau, LK;14524000;145240000000;Landkreis;Sachsen;;51,2;48,8;50,7;49,3;50,3;49,7;50,1;49,9;49,8;50,2
